CaseID	Project	Primary Site	Gender	Files	Seq	Exp	SNV	CNV	Meth	Clinical	Bio	Mutations	Genes	Slides
TCGA-18-3409	TCGA-LUSC	Lung	Male	53	3	3	16	4	2	8	17	4,500	3,329	5
TCGA-90-A4ED	TCGA-LUSC	Lung	Male	51	4	5	16	4	1	7	14	2,866	2,293	2
TCGA-21-1079	TCGA-LUSC	Lung	Male	52	4	5	16	4	1	7	15	2,605	2,168	3
TCGA-33-4566	TCGA-LUSC	Lung	Male	55	4	5	16	4	2	7	17	1,792	1,522	5
TCGA-63-A5MM	TCGA-LUSC	Lung	Female	51	4	5	16	4	1	7	14	1,627	1,487	2
TCGA-21-1080	TCGA-LUSC	Lung	Male	52	4	5	16	4	1	7	15	1,492	1,359	3
TCGA-37-4130	TCGA-LUSC	Lung	Male	54	4	5	16	6	1	7	15	1,493	1,331	3
TCGA-66-2785	TCGA-LUSC	Lung	Male	63	5	5	24	4	1	7	17	1,474	1,299	5
TCGA-60-2698	TCGA-LUSC	Lung	Male	64	6	5	24	4	1	7	17	1,421	1,277	5
TCGA-94-8490	TCGA-LUSC	Lung	Male	51	4	5	16	4	1	7	14	1,378	1,269	2
TCGA-98-8021	TCGA-LUSC	Lung	Female	50	4	5	16	4	1	7	13	1,267	1,146	1
TCGA-43-2581	TCGA-LUSC	Lung	Female	64	6	5	24	4	1	7	17	1,294	1,139	5
TCGA-O2-A52Q	TCGA-LUSC	Lung	Female	50	4	5	16	4	1	7	13	1,266	1,131	1
TCGA-56-A5DR	TCGA-LUSC	Lung	Male	52	4	5	16	4	1	8	14	1,255	1,126	2
TCGA-46-3769	TCGA-LUSC	Lung	Male	52	4	5	16	4	1	7	15	1,251	1,085	3
TCGA-37-3792	TCGA-LUSC	Lung	Male	54	4	5	16	6	1	7	15	1,199	1,077	3
TCGA-60-2714	TCGA-LUSC	Lung	Female	64	6	5	24	4	1	7	17	1,145	1,012	5
TCGA-85-A4CL	TCGA-LUSC	Lung	Male	51	4	5	16	4	1	7	14	1,067	969	2
TCGA-22-5473	TCGA-LUSC	Lung	Male	53	4	5	16	4	2	7	15	1,069	961	3
TCGA-37-5819	TCGA-LUSC	Lung	Male	52	4	5	16	4	1	7	15	981	881	3
TCGA-21-1083	TCGA-LUSC	Lung	Male	62	6	5	24	4	1	7	15	970	859	3
TCGA-34-5231	TCGA-LUSC	Lung	Male	51	4	5	16	4	1	7	14	903	829	2
TCGA-77-7141	TCGA-LUSC	Lung	Male	53	4	5	16	4	1	7	16	863	804	4
TCGA-98-A538	TCGA-LUSC	Lung	Male	51	4	5	16	4	1	7	14	876	800	2
TCGA-43-5668	TCGA-LUSC	Lung	Male	58	5	5	16	6	2	8	16	865	792	4
TCGA-39-5031	TCGA-LUSC	Lung	Female	54	4	5	16	4	2	7	16	853	779	4
TCGA-22-4613	TCGA-LUSC	Lung	Female	55	4	5	16	4	2	7	17	834	770	5
TCGA-43-8118	TCGA-LUSC	Lung	Female	53	5	5	16	4	1	8	14	831	765	2
TCGA-77-A5G3	TCGA-LUSC	Lung	Male	51	4	5	16	4	1	7	14	847	762	2
TCGA-NC-A5HG	TCGA-LUSC	Lung	Male	51	4	5	16	4	1	7	14	820	756	2
TCGA-39-5034	TCGA-LUSC	Lung	Female	54	4	5	16	4	2	7	16	824	749	4
TCGA-NC-A5HN	TCGA-LUSC	Lung	Male	51	4	5	16	4	1	7	14	807	748	2
TCGA-51-6867	TCGA-LUSC	Lung	Female	54	4	5	16	4	1	8	16	831	747	4
TCGA-39-5011	TCGA-LUSC	Lung	Female	54	4	5	16	4	2	7	16	822	741	4
TCGA-34-2604	TCGA-LUSC	Lung	Female	61	5	2	24	4	1	8	17	796	735	5
TCGA-33-4583	TCGA-LUSC	Lung	Male	59	4	5	16	4	2	7	21	795	731	9
TCGA-66-2773	TCGA-LUSC	Lung	Male	51	3	3	16	4	1	7	17	771	726	5
TCGA-MF-A522	TCGA-LUSC	Lung	Male	51	4	5	16	4	1	7	14	769	714	2
TCGA-34-8454	TCGA-LUSC	Lung	Female	60	6	10	16	4	1	7	16	747	682	4
TCGA-94-8491	TCGA-LUSC	Lung	Male	51	4	5	16	4	1	7	14	726	676	2
TCGA-21-1070	TCGA-LUSC	Lung	Female	59	5	3	24	4	1	7	15	720	656	3
TCGA-56-8625	TCGA-LUSC	Lung	Female	53	5	5	16	4	1	7	15	698	636	3
TCGA-66-2756	TCGA-LUSC	Lung	Male	61	5	3	24	4	1	7	17	668	627	5
TCGA-90-7769	TCGA-LUSC	Lung	Male	55	5	5	16	6	1	7	15	673	627	3
TCGA-43-2576	TCGA-LUSC	Lung	Female	63	6	5	24	4	0	7	17	681	624	5
TCGA-96-A4JK	TCGA-LUSC	Lung	Male	52	4	5	16	4	1	8	14	660	603	2
TCGA-O2-A52N	TCGA-LUSC	Lung	Male	51	4	5	16	4	1	7	14	654	602	2
TCGA-22-5479	TCGA-LUSC	Lung	Male	51	4	5	16	4	1	7	14	657	602	2
TCGA-56-A62T	TCGA-LUSC	Lung	Male	51	4	5	16	4	1	7	14	660	602	2
TCGA-39-5040	TCGA-LUSC	Lung	Male	60	6	10	16	4	1	7	16	655	598	4
TCGA-77-A5G6	TCGA-LUSC	Lung	Male	51	4	5	16	4	1	7	14	657	591	2
TCGA-63-A5MW	TCGA-LUSC	Lung	Male	51	4	5	16	4	1	7	14	618	585	2
TCGA-34-8455	TCGA-LUSC	Lung	Male	51	4	5	16	2	1	7	16	655	583	4
TCGA-66-2787	TCGA-LUSC	Lung	Male	55	4	5	16	4	2	7	17	624	581	5
TCGA-90-7964	TCGA-LUSC	Lung	Male	56	5	5	16	6	1	8	15	632	573	3
TCGA-85-A4JB	TCGA-LUSC	Lung	Male	51	4	5	16	4	1	7	14	612	561	2
TCGA-33-6737	TCGA-LUSC	Lung	Male	60	6	10	16	4	1	8	15	599	559	3
TCGA-NC-A5HD	TCGA-LUSC	Lung	Male	52	4	5	16	4	1	8	14	605	558	2
TCGA-92-7340	TCGA-LUSC	Lung	Female	80	9	10	32	6	1	7	15	588	556	3
TCGA-52-7810	TCGA-LUSC	Lung	Female	52	4	5	16	4	1	7	15	576	538	3
TCGA-NC-A5HI	TCGA-LUSC	Lung	Female	51	4	5	16	4	1	7	14	574	537	2
TCGA-85-A50Z	TCGA-LUSC	Lung	Male	51	4	5	16	4	1	7	14	590	536	2
TCGA-77-8136	TCGA-LUSC	Lung	Female	51	4	5	16	4	1	7	14	570	535	2
TCGA-37-A5EL	TCGA-LUSC	Lung	Male	51	4	5	16	4	1	7	14	575	532	2
TCGA-85-6560	TCGA-LUSC	Lung	Male	52	4	5	16	4	1	7	15	555	529	3
TCGA-66-2759	TCGA-LUSC	Lung	Male	66	6	5	24	6	1	7	17	568	527	5
TCGA-NC-A5HP	TCGA-LUSC	Lung	Male	51	4	5	16	4	1	7	14	555	524	2
TCGA-58-A46M	TCGA-LUSC	Lung	Male	51	4	5	16	4	1	7	14	559	523	2
TCGA-51-4079	TCGA-LUSC	Lung	Female	60	5	8	16	6	1	7	17	562	518	5
TCGA-21-5787	TCGA-LUSC	Lung	Male	52	4	5	16	4	1	7	15	545	516	3
TCGA-21-5783	TCGA-LUSC	Lung	Male	50	4	5	16	4	1	7	13	560	516	1
TCGA-34-2600	TCGA-LUSC	Lung	Female	64	6	5	24	4	1	7	17	559	513	5
TCGA-22-5472	TCGA-LUSC	Lung	Male	61	6	10	16	4	2	8	15	530	508	3
TCGA-56-8307	TCGA-LUSC	Lung	Female	54	4	5	16	6	1	7	15	547	506	3
TCGA-66-2766	TCGA-LUSC	Lung	Male	64	6	5	24	4	1	7	17	532	496	5
TCGA-56-7222	TCGA-LUSC	Lung	Male	62	7	10	16	6	1	7	15	524	495	3
TCGA-33-AASI	TCGA-LUSC	Lung	Female	52	4	5	16	4	1	7	15	528	495	3
TCGA-60-2720	TCGA-LUSC	Lung	Female	64	6	5	22	6	1	7	17	539	495	5
TCGA-56-8628	TCGA-LUSC	Lung	Male	53	5	5	16	4	1	7	15	548	492	3
TCGA-96-7544	TCGA-LUSC	Lung	Male	52	4	5	16	4	1	7	15	515	489	3
TCGA-77-8144	TCGA-LUSC	Lung	Male	52	4	5	16	4	1	7	15	519	488	3
TCGA-77-7465	TCGA-LUSC	Lung	Male	51	4	5	16	4	1	7	14	516	488	2
TCGA-39-5016	TCGA-LUSC	Lung	Male	51	3	3	16	4	2	7	16	519	486	4
TCGA-56-8504	TCGA-LUSC	Lung	Male	59	6	7	16	6	1	8	15	553	485	3
TCGA-94-A4VJ	TCGA-LUSC	Lung	Female	51	4	5	16	4	1	7	14	521	484	2
TCGA-37-3783	TCGA-LUSC	Lung	Male	52	4	5	16	4	1	7	15	516	483	3
TCGA-21-5782	TCGA-LUSC	Lung	Female	52	4	5	16	4	1	7	15	512	481	3
TCGA-66-2763	TCGA-LUSC	Lung	Female	64	6	5	24	4	1	7	17	512	478	5
TCGA-O2-A52S	TCGA-LUSC	Lung	Female	51	4	5	16	4	1	7	14	517	478	2
TCGA-85-A5B5	TCGA-LUSC	Lung	Male	51	4	5	16	4	1	7	14	510	478	2
TCGA-77-7463	TCGA-LUSC	Lung	Male	52	4	5	16	4	1	7	15	510	477	3
TCGA-63-A5MS	TCGA-LUSC	Lung	Male	51	4	5	16	4	1	7	14	507	477	2
TCGA-21-5786	TCGA-LUSC	Lung	Male	52	4	5	16	4	1	7	15	507	477	3
TCGA-6A-AB49	TCGA-LUSC	Lung	Female	51	4	5	16	4	1	7	14	516	474	2
TCGA-NC-A5HJ	TCGA-LUSC	Lung	Male	51	4	5	16	4	1	7	14	511	471	2
TCGA-98-A53I	TCGA-LUSC	Lung	Male	51	4	5	16	4	1	7	14	516	470	2
TCGA-21-1082	TCGA-LUSC	Lung	Male	59	5	3	24	4	1	7	15	508	468	3
TCGA-43-A474	TCGA-LUSC	Lung	Male	52	4	5	16	4	1	8	14	500	468	2
TCGA-56-8305	TCGA-LUSC	Lung	Male	53	4	5	16	4	1	8	15	499	466	3
TCGA-33-4586	TCGA-LUSC	Lung	Male	56	4	5	16	4	2	7	18	489	464	6
TCGA-18-4083	TCGA-LUSC	Lung	Male	50	3	3	16	2	1	8	17	490	462	5
TCGA-33-4532	TCGA-LUSC	Lung	Male	57	4	5	16	4	1	8	19	509	461	7
TCGA-77-8133	TCGA-LUSC	Lung	Male	51	4	5	16	4	1	7	14	485	461	2
TCGA-68-A59J	TCGA-LUSC	Lung	Female	51	4	5	16	4	1	7	14	498	459	2
TCGA-58-8390	TCGA-LUSC	Lung	Male	51	4	5	16	4	1	7	14	487	459	2
TCGA-85-8071	TCGA-LUSC	Lung	Male	51	4	5	16	4	1	7	14	505	458	2
TCGA-56-7730	TCGA-LUSC	Lung	Male	58	6	10	16	4	1	7	14	500	458	2
TCGA-33-AASD	TCGA-LUSC	Lung	Male	52	4	5	16	4	1	7	15	506	457	3
TCGA-90-A4EE	TCGA-LUSC	Lung	Male	51	4	5	16	4	1	7	14	482	453	2
TCGA-33-AASB	TCGA-LUSC	Lung	Male	52	4	5	16	4	1	7	15	480	451	3
TCGA-NC-A5HH	TCGA-LUSC	Lung	Male	51	4	5	16	4	1	7	14	477	450	2
TCGA-66-2782	TCGA-LUSC	Lung	Male	54	5	5	16	4	1	7	16	490	450	4
TCGA-56-7822	TCGA-LUSC	Lung	Male	55	5	5	16	6	1	7	15	490	449	3
TCGA-34-2605	TCGA-LUSC	Lung	Male	52	4	2	16	4	1	8	17	489	444	5
TCGA-22-A5C4	TCGA-LUSC	Lung	Male	52	4	5	16	4	1	8	14	474	443	2
TCGA-77-8140	TCGA-LUSC	Lung	Female	52	4	5	16	4	1	7	15	481	442	3
TCGA-77-6842	TCGA-LUSC	Lung	Male	54	5	5	16	4	1	7	16	480	441	4
TCGA-92-8063	TCGA-LUSC	Lung	Male	69	6	5	32	4	1	7	14	469	440	2
TCGA-63-A5MB	TCGA-LUSC	Lung	Male	51	4	5	16	4	1	7	14	475	440	2
TCGA-22-1016	TCGA-LUSC	Lung	Male	59	5	3	24	4	1	7	15	473	437	3
TCGA-43-8116	TCGA-LUSC	Lung	Male	53	4	5	16	6	1	7	14	472	437	2
TCGA-22-4599	TCGA-LUSC	Lung	Female	52	3	3	16	4	2	7	17	479	434	5
TCGA-43-2578	TCGA-LUSC	Lung	Female	67	6	5	24	6	1	8	17	451	432	5
TCGA-66-2758	TCGA-LUSC	Lung	Male	65	5	5	24	6	1	7	17	467	432	5
TCGA-33-6738	TCGA-LUSC	Lung	Male	58	4	5	16	4	1	7	21	451	432	9
TCGA-66-2789	TCGA-LUSC	Lung	Male	55	4	5	16	4	2	7	17	462	431	5
TCGA-37-A5EM	TCGA-LUSC	Lung	Male	51	4	5	16	4	1	7	14	457	431	2
TCGA-60-2726	TCGA-LUSC	Lung	Male	61	5	3	24	4	1	7	17	466	431	5
TCGA-66-2769	TCGA-LUSC	Lung	Male	61	5	3	24	4	1	7	17	459	431	5
TCGA-77-7337	TCGA-LUSC	Lung	Male	59	6	10	16	4	1	7	15	461	430	3
TCGA-60-2724	TCGA-LUSC	Lung	Male	64	6	5	24	4	1	7	17	459	429	5
TCGA-22-4594	TCGA-LUSC	Lung	Female	54	4	5	16	4	1	7	17	451	428	5
TCGA-58-8391	TCGA-LUSC	Lung	Female	52	4	5	16	4	1	7	15	458	427	3
TCGA-NC-A5HT	TCGA-LUSC	Lung	Male	51	4	5	16	4	1	7	14	448	427	2
TCGA-37-4141	TCGA-LUSC	Lung	Female	54	4	5	16	6	1	7	15	448	426	3
TCGA-66-2767	TCGA-LUSC	Lung	Male	61	5	5	22	4	1	7	17	445	425	5
TCGA-56-6546	TCGA-LUSC	Lung	Male	52	4	5	16	4	1	7	15	460	425	3
TCGA-NC-A5HQ	TCGA-LUSC	Lung	Male	51	4	5	16	4	1	7	14	453	425	2
TCGA-98-A53A	TCGA-LUSC	Lung	Male	51	4	5	16	4	1	7	14	451	421	2
TCGA-22-4595	TCGA-LUSC	Lung	Male	54	4	5	16	4	1	7	17	447	419	5
TCGA-34-5928	TCGA-LUSC	Lung	Female	52	4	5	16	4	1	7	15	444	419	3
TCGA-22-4591	TCGA-LUSC	Lung	Male	54	4	5	16	4	1	7	17	474	417	5
TCGA-18-3416	TCGA-LUSC	Lung	Male	56	4	5	16	4	2	8	17	433	417	5
TCGA-43-7656	TCGA-LUSC	Lung	Male	56	5	5	16	6	1	7	16	444	417	4
TCGA-56-8308	TCGA-LUSC	Lung	Male	55	4	5	16	6	1	8	15	454	416	3
TCGA-L3-A524	TCGA-LUSC	Lung	Female	51	4	5	16	4	1	7	14	445	415	2
TCGA-85-8582	TCGA-LUSC	Lung	Male	49	4	5	16	2	1	7	14	434	412	2
TCGA-63-6202	TCGA-LUSC	Lung	Male	52	4	5	16	4	1	7	15	443	410	3
TCGA-22-5491	TCGA-LUSC	Lung	Male	57	5	8	16	4	2	7	15	444	410	3
TCGA-LA-A446	TCGA-LUSC	Lung	Male	51	4	5	16	4	1	7	14	438	409	2
TCGA-NK-A5CT	TCGA-LUSC	Lung	Male	52	4	5	16	4	1	8	14	435	408	2
TCGA-56-7731	TCGA-LUSC	Lung	Female	61	7	10	16	6	1	7	14	431	408	2
TCGA-37-4135	TCGA-LUSC	Lung	Male	54	4	5	16	6	1	7	15	421	405	3
TCGA-18-3411	TCGA-LUSC	Lung	Female	57	4	5	16	6	2	7	17	428	403	5
TCGA-66-2791	TCGA-LUSC	Lung	Male	57	4	5	16	6	2	7	17	416	403	5
TCGA-18-3421	TCGA-LUSC	Lung	Male	55	4	5	16	4	2	7	17	422	401	5
TCGA-66-2793	TCGA-LUSC	Lung	Male	54	4	5	16	4	1	7	17	416	399	5
TCGA-NC-A5HR	TCGA-LUSC	Lung	Female	52	4	5	16	4	1	8	14	437	398	2
TCGA-43-6143	TCGA-LUSC	Lung	Male	63	7	10	16	6	1	7	16	424	397	4
TCGA-85-A4QQ	TCGA-LUSC	Lung	Male	51	4	5	16	4	1	7	14	415	396	2
TCGA-85-8350	TCGA-LUSC	Lung	Male	52	4	5	16	4	1	7	15	416	391	3
TCGA-39-5027	TCGA-LUSC	Lung	Male	53	4	5	16	4	1	7	16	413	390	4
TCGA-18-3414	TCGA-LUSC	Lung	Male	55	4	5	16	4	2	7	17	410	388	5
TCGA-60-2722	TCGA-LUSC	Lung	Male	66	6	5	26	4	1	7	17	414	387	5
TCGA-NK-A5CR	TCGA-LUSC	Lung	Male	51	4	5	16	4	1	7	14	411	387	2
TCGA-22-5481	TCGA-LUSC	Lung	Female	55	5	8	16	4	1	7	14	406	383	2
TCGA-63-5131	TCGA-LUSC	Lung	Male	50	4	5	16	2	1	7	15	407	380	3
TCGA-56-7223	TCGA-LUSC	Lung	Male	51	4	5	16	4	1	7	14	398	378	2
TCGA-85-8481	TCGA-LUSC	Lung	Male	51	4	5	16	4	1	7	14	415	378	2
TCGA-63-5128	TCGA-LUSC	Lung	Male	52	4	5	16	4	1	7	15	406	378	3
TCGA-33-AASL	TCGA-LUSC	Lung	Female	52	4	5	16	4	1	7	15	401	378	3
TCGA-37-3789	TCGA-LUSC	Lung	Male	52	4	5	16	4	1	7	15	392	377	3
TCGA-68-8250	TCGA-LUSC	Lung	Male	52	4	5	16	4	1	8	14	398	375	2
TCGA-68-7757	TCGA-LUSC	Lung	Male	51	4	5	16	4	1	7	14	393	373	2
TCGA-21-1076	TCGA-LUSC	Lung	Female	79	8	8	32	6	2	7	16	403	372	4
TCGA-90-A59Q	TCGA-LUSC	Lung	Female	51	4	5	16	4	1	7	14	386	371	2
TCGA-37-4132	TCGA-LUSC	Lung	Female	51	3	3	16	6	1	7	15	397	370	3
TCGA-60-2703	TCGA-LUSC	Lung	Male	54	4	5	16	4	1	7	17	401	369	5
TCGA-52-7812	TCGA-LUSC	Lung	Male	52	4	5	16	4	1	7	15	387	369	3
TCGA-56-A49D	TCGA-LUSC	Lung	Male	50	4	5	16	4	1	7	13	385	368	1
TCGA-66-2795	TCGA-LUSC	Lung	Male	55	4	5	16	4	2	7	17	385	367	5
TCGA-33-4533	TCGA-LUSC	Lung	Female	59	4	5	16	4	1	8	21	402	365	9
TCGA-22-5483	TCGA-LUSC	Lung	Male	59	6	10	16	4	1	7	15	386	365	3
TCGA-56-7823	TCGA-LUSC	Lung	Female	60	6	10	16	6	1	7	14	395	364	2
TCGA-68-8251	TCGA-LUSC	Lung	Male	51	4	5	16	4	1	7	14	391	364	2
TCGA-18-3417	TCGA-LUSC	Lung	Male	55	4	5	16	4	2	7	17	381	363	5
TCGA-66-2771	TCGA-LUSC	Lung	Male	55	4	5	16	4	2	7	17	391	362	5
TCGA-77-8128	TCGA-LUSC	Lung	Male	49	4	5	16	2	1	7	14	383	362	2
TCGA-37-4133	TCGA-LUSC	Lung	Male	52	4	5	16	4	1	7	15	376	361	3
TCGA-70-6722	TCGA-LUSC	Lung	Male	52	4	5	16	4	1	7	15	387	357	3
TCGA-66-2768	TCGA-LUSC	Lung	Male	54	4	5	16	4	1	7	17	372	357	5
TCGA-60-2723	TCGA-LUSC	Lung	Female	64	6	5	24	4	1	7	17	380	356	5
TCGA-18-3419	TCGA-LUSC	Lung	Male	54	4	5	16	4	2	7	16	378	356	4
TCGA-56-7221	TCGA-LUSC	Lung	Male	52	4	5	16	4	1	8	14	383	356	2
TCGA-22-1012	TCGA-LUSC	Lung	Female	62	6	5	24	4	1	7	15	383	356	3
TCGA-18-5592	TCGA-LUSC	Lung	Male	54	4	5	16	4	2	7	16	385	356	4
TCGA-46-3768	TCGA-LUSC	Lung	Male	52	4	5	16	4	1	7	15	388	356	3
TCGA-66-2754	TCGA-LUSC	Lung	Male	55	4	5	16	4	2	7	17	371	356	5
TCGA-34-A5IX	TCGA-LUSC	Lung	Male	51	4	5	16	4	1	7	14	370	354	2
TCGA-68-7755	TCGA-LUSC	Lung	Female	51	4	5	16	4	1	7	14	371	352	2
TCGA-51-4080	TCGA-LUSC	Lung	Male	58	4	5	16	8	1	7	17	380	352	5
TCGA-56-6545	TCGA-LUSC	Lung	Female	52	4	5	16	4	1	7	15	374	350	3
TCGA-21-1075	TCGA-LUSC	Lung	Male	52	4	5	16	4	1	7	15	368	347	3
TCGA-43-A56U	TCGA-LUSC	Lung	Female	51	4	5	16	4	1	7	14	366	346	2
TCGA-85-8276	TCGA-LUSC	Lung	Male	52	4	5	16	4	1	7	15	365	345	3
TCGA-43-3920	TCGA-LUSC	Lung	Male	59	5	5	16	8	2	7	16	363	345	4
TCGA-NC-A5HM	TCGA-LUSC	Lung	Male	52	4	5	16	4	1	8	14	382	345	2
TCGA-85-6798	TCGA-LUSC	Lung	Male	52	4	5	16	4	1	7	15	359	343	3
TCGA-85-7697	TCGA-LUSC	Lung	Male	52	4	5	16	4	1	7	15	358	342	3
TCGA-85-8580	TCGA-LUSC	Lung	Female	50	4	5	16	4	1	7	13	360	336	1
TCGA-34-2596	TCGA-LUSC	Lung	Male	64	6	5	24	4	1	7	17	354	336	5
TCGA-22-1005	TCGA-LUSC	Lung	Male	59	5	3	24	4	1	7	15	355	336	3
TCGA-56-8626	TCGA-LUSC	Lung	Male	51	4	5	16	4	1	7	14	354	335	2
TCGA-52-7622	TCGA-LUSC	Lung	Female	51	4	5	16	4	1	7	14	347	334	2
TCGA-NC-A5HK	TCGA-LUSC	Lung	Female	51	4	5	16	4	1	7	14	362	332	2
TCGA-56-8629	TCGA-LUSC	Lung	Male	56	6	7	16	4	1	7	15	352	331	3
TCGA-77-A5GH	TCGA-LUSC	Lung	Male	49	4	5	16	2	1	7	14	343	329	2
TCGA-85-8352	TCGA-LUSC	Lung	Male	50	4	5	16	4	1	7	13	346	327	1
TCGA-85-7950	TCGA-LUSC	Lung	Male	52	4	5	16	4	1	7	15	346	326	3
TCGA-O2-A5IB	TCGA-LUSC	Lung	Female	51	4	5	16	4	1	7	14	343	326	2
TCGA-O2-A52V	TCGA-LUSC	Lung	Female	51	4	5	16	4	1	7	14	340	325	2
TCGA-NC-A5HF	TCGA-LUSC	Lung	Male	51	4	5	16	4	1	7	14	341	325	2
TCGA-34-5927	TCGA-LUSC	Lung	Female	51	4	5	16	4	1	7	14	347	324	2
TCGA-66-2757	TCGA-LUSC	Lung	Female	60	4	3	24	4	1	7	17	338	323	5
TCGA-85-8584	TCGA-LUSC	Lung	Male	49	4	5	16	2	1	7	14	352	323	2
TCGA-34-7107	TCGA-LUSC	Lung	Male	63	7	10	16	6	1	7	16	346	323	4
TCGA-92-8065	TCGA-LUSC	Lung	Female	51	4	5	16	4	1	7	14	347	322	2
TCGA-77-7142	TCGA-LUSC	Lung	Female	60	6	10	16	4	1	7	16	344	321	4
TCGA-60-2713	TCGA-LUSC	Lung	Male	64	6	5	24	4	1	7	17	330	320	5
TCGA-58-8386	TCGA-LUSC	Lung	Male	61	6	10	16	6	1	7	15	340	320	3
TCGA-39-5036	TCGA-LUSC	Lung	Male	54	4	5	16	4	2	7	16	333	319	4
TCGA-58-8393	TCGA-LUSC	Lung	Female	55	5	7	16	4	1	7	15	339	319	3
TCGA-85-8288	TCGA-LUSC	Lung	Male	52	4	5	16	4	1	7	15	326	318	3
TCGA-94-A5I4	TCGA-LUSC	Lung	Male	52	4	5	16	4	1	8	14	337	318	2
TCGA-85-6561	TCGA-LUSC	Lung	Male	52	4	5	16	4	1	7	15	333	315	3
TCGA-56-7579	TCGA-LUSC	Lung	Male	62	7	10	16	6	1	7	15	333	314	3
TCGA-NC-A5HO	TCGA-LUSC	Lung	Female	51	4	5	16	4	1	7	14	334	314	2
TCGA-66-2770	TCGA-LUSC	Lung	Male	55	4	5	16	4	1	7	18	333	313	6
TCGA-43-A475	TCGA-LUSC	Lung	Female	51	4	5	16	4	1	7	14	323	313	2
TCGA-96-8170	TCGA-LUSC	Lung	Female	51	4	5	16	4	1	7	14	325	313	2
TCGA-34-5239	TCGA-LUSC	Lung	Male	51	4	5	16	4	1	7	14	333	313	2
TCGA-77-8148	TCGA-LUSC	Lung	Male	51	4	5	16	4	1	7	14	334	313	2
TCGA-85-A4JC	TCGA-LUSC	Lung	Male	51	4	5	16	4	1	7	14	333	312	2
TCGA-66-2783	TCGA-LUSC	Lung	Male	54	4	5	16	4	1	7	17	327	311	5
TCGA-22-4604	TCGA-LUSC	Lung	Male	54	4	5	16	4	1	7	17	328	311	5
TCGA-52-7809	TCGA-LUSC	Lung	Male	51	4	5	16	4	1	7	14	321	311	2
TCGA-37-A5EN	TCGA-LUSC	Lung	Male	51	4	5	16	4	1	7	14	328	311	2
TCGA-34-2609	TCGA-LUSC	Lung	Male	59	4	2	24	4	1	8	16	325	311	4
TCGA-63-A5ML	TCGA-LUSC	Lung	Male	51	4	5	16	4	1	7	14	330	309	2
TCGA-39-5037	TCGA-LUSC	Lung	Male	54	4	5	16	4	2	7	16	320	307	4
TCGA-56-8304	TCGA-LUSC	Lung	Female	51	4	5	16	4	1	7	14	318	307	2
TCGA-85-8666	TCGA-LUSC	Lung	Male	50	4	5	16	2	1	7	15	323	305	3
TCGA-85-8664	TCGA-LUSC	Lung	Male	52	4	5	16	4	1	7	15	320	305	3
TCGA-56-8622	TCGA-LUSC	Lung	Male	53	5	5	16	4	1	7	15	321	305	3
TCGA-18-5595	TCGA-LUSC	Lung	Male	54	4	5	16	4	2	8	15	329	302	3
TCGA-56-1622	TCGA-LUSC	Lung	Male	63	6	5	24	4	1	7	16	314	301	4
TCGA-56-A4ZK	TCGA-LUSC	Lung	Female	51	4	5	16	4	1	7	14	310	301	2
TCGA-66-2742	TCGA-LUSC	Lung	Male	55	4	5	16	4	2	7	17	317	301	5
TCGA-22-5489	TCGA-LUSC	Lung	Male	57	5	8	16	4	2	7	15	314	300	3
TCGA-21-1077	TCGA-LUSC	Lung	Male	62	6	5	24	4	1	7	15	313	298	3
TCGA-63-7021	TCGA-LUSC	Lung	Male	51	4	5	16	4	1	7	14	308	297	2
TCGA-34-5929	TCGA-LUSC	Lung	Female	54	4	5	16	4	2	7	16	312	297	4
TCGA-85-8277	TCGA-LUSC	Lung	Male	48	3	3	16	4	1	7	14	315	296	2
TCGA-85-8287	TCGA-LUSC	Lung	Male	52	4	5	16	4	1	7	15	323	296	3
TCGA-22-5492	TCGA-LUSC	Lung	Female	51	4	5	16	2	2	7	15	306	294	3
TCGA-85-A4QR	TCGA-LUSC	Lung	Male	51	4	5	16	4	1	7	14	298	291	2
TCGA-46-3765	TCGA-LUSC	Lung	Female	52	4	5	16	4	1	7	15	309	290	3
TCGA-63-A5MT	TCGA-LUSC	Lung	Male	51	4	5	16	4	1	7	14	310	290	2
TCGA-77-6845	TCGA-LUSC	Lung	Male	54	5	5	16	4	1	7	16	311	290	4
TCGA-56-A4BW	TCGA-LUSC	Lung	Male	51	4	5	16	4	1	7	14	305	290	2
TCGA-33-4587	TCGA-LUSC	Lung	Female	60	6	10	16	4	1	7	16	309	289	4
TCGA-77-7335	TCGA-LUSC	Lung	Female	57	5	8	16	4	1	7	16	304	289	4
TCGA-98-8022	TCGA-LUSC	Lung	Male	54	4	5	16	6	1	7	15	305	288	3
TCGA-43-6770	TCGA-LUSC	Lung	Female	56	5	5	16	6	1	7	16	310	288	4
TCGA-60-2695	TCGA-LUSC	Lung	Female	64	6	5	24	4	1	7	17	295	287	5
TCGA-60-2719	TCGA-LUSC	Lung	Female	63	5	5	24	4	1	7	17	300	287	5
TCGA-63-A5MH	TCGA-LUSC	Lung	Male	52	4	5	16	4	1	8	14	303	285	2
TCGA-85-8070	TCGA-LUSC	Lung	Male	51	4	5	16	4	1	7	14	295	282	2
TCGA-33-AAS8	TCGA-LUSC	Lung	Female	52	4	5	16	4	1	7	15	307	281	3
TCGA-85-8049	TCGA-LUSC	Lung	Male	52	4	5	16	4	1	7	15	295	281	3
TCGA-46-6026	TCGA-LUSC	Lung	Male	52	4	5	16	4	1	7	15	294	280	3
TCGA-66-2755	TCGA-LUSC	Lung	Male	63	5	5	24	4	1	7	17	302	279	5
TCGA-58-A46N	TCGA-LUSC	Lung	Male	51	4	5	16	4	1	7	14	290	278	2
TCGA-22-1002	TCGA-LUSC	Lung	Male	59	5	3	24	4	1	7	15	298	278	3
TCGA-43-A56V	TCGA-LUSC	Lung	Male	52	4	5	16	4	1	8	14	291	277	2
TCGA-63-A5MU	TCGA-LUSC	Lung	Male	51	4	5	16	4	1	7	14	288	276	2
TCGA-NC-A5HL	TCGA-LUSC	Lung	Male	51	4	5	16	4	1	7	14	289	275	2
TCGA-22-0940	TCGA-LUSC	Lung	Male	64	6	5	24	4	1	7	17	290	275	5
TCGA-60-2708	TCGA-LUSC	Lung	Female	66	6	5	26	4	1	7	17	285	274	5
TCGA-66-2727	TCGA-LUSC	Lung	Female	55	4	5	16	4	2	7	17	281	273	5
TCGA-85-7843	TCGA-LUSC	Lung	Male	52	4	5	16	4	1	7	15	299	273	3
TCGA-18-3406	TCGA-LUSC	Lung	Male	56	4	5	16	4	2	8	17	285	273	5
TCGA-66-2786	TCGA-LUSC	Lung	Female	64	6	5	24	4	1	7	17	292	272	5
TCGA-85-8354	TCGA-LUSC	Lung	Male	50	4	5	16	4	1	7	13	297	272	1
TCGA-63-A5MI	TCGA-LUSC	Lung	Male	49	4	5	16	2	1	7	14	287	272	2
TCGA-77-A5G8	TCGA-LUSC	Lung	Male	51	4	5	16	4	1	7	14	290	271	2
TCGA-22-5471	TCGA-LUSC	Lung	Male	58	5	8	16	4	2	8	15	282	270	3
TCGA-56-8082	TCGA-LUSC	Lung	Female	59	6	10	16	6	1	7	13	285	270	1
TCGA-33-A4WN	TCGA-LUSC	Lung	Male	52	4	5	16	4	1	7	15	279	268	3
TCGA-46-6025	TCGA-LUSC	Lung	Male	52	4	5	16	4	1	7	15	277	268	3
TCGA-39-5030	TCGA-LUSC	Lung	Female	54	4	5	16	4	2	7	16	274	268	4
TCGA-43-7658	TCGA-LUSC	Lung	Female	63	7	10	16	6	1	8	15	272	266	3
TCGA-77-8156	TCGA-LUSC	Lung	Male	51	4	5	16	4	1	7	14	293	266	2
TCGA-22-5485	TCGA-LUSC	Lung	Female	53	4	5	16	4	2	7	15	280	264	3
TCGA-66-2744	TCGA-LUSC	Lung	Male	57	4	5	16	6	2	7	17	276	264	5
TCGA-60-2710	TCGA-LUSC	Lung	Female	64	6	5	24	4	1	7	17	275	264	5
TCGA-39-5024	TCGA-LUSC	Lung	Female	53	4	5	16	4	1	7	16	274	264	4
TCGA-43-8115	TCGA-LUSC	Lung	Female	55	4	5	16	6	1	7	16	266	262	4
TCGA-34-5236	TCGA-LUSC	Lung	Male	51	4	5	16	4	1	7	14	278	262	2
TCGA-21-1081	TCGA-LUSC	Lung	Male	61	5	3	26	4	1	7	15	276	262	3
TCGA-60-2721	TCGA-LUSC	Lung	Male	61	6	5	22	2	1	8	17	276	262	5
TCGA-66-2788	TCGA-LUSC	Lung	Male	55	4	5	16	4	2	7	17	269	262	5
TCGA-85-A511	TCGA-LUSC	Lung	Male	51	4	5	16	4	1	7	14	274	260	2
TCGA-34-5232	TCGA-LUSC	Lung	Female	52	4	5	16	4	1	7	15	273	260	3
TCGA-66-2800	TCGA-LUSC	Lung	Male	54	4	5	16	4	1	7	17	266	260	5
TCGA-85-8355	TCGA-LUSC	Lung	Male	52	4	5	16	4	1	7	15	270	258	3
TCGA-58-A46L	TCGA-LUSC	Lung	Male	51	4	5	16	4	1	7	14	286	257	2
TCGA-85-7696	TCGA-LUSC	Lung	Male	52	4	5	16	4	1	7	15	265	257	3
TCGA-43-6771	TCGA-LUSC	Lung	Male	64	7	10	16	6	2	7	16	274	257	4
TCGA-77-8154	TCGA-LUSC	Lung	Male	51	4	5	16	4	1	7	14	272	256	2
TCGA-92-8064	TCGA-LUSC	Lung	Male	69	6	5	32	4	1	7	14	274	255	2
TCGA-18-3410	TCGA-LUSC	Lung	Male	58	4	5	16	6	2	8	17	260	254	5
TCGA-79-5596	TCGA-LUSC	Lung	Male	51	4	5	16	4	1	7	14	265	254	2
TCGA-NC-A5HE	TCGA-LUSC	Lung	Male	52	4	5	16	4	1	8	14	270	254	2
TCGA-77-8139	TCGA-LUSC	Lung	Male	51	4	5	16	4	1	7	14	264	253	2
TCGA-34-5241	TCGA-LUSC	Lung	Male	50	4	5	16	2	1	7	15	263	253	3
TCGA-56-A5DS	TCGA-LUSC	Lung	Female	48	3	3	16	4	1	7	14	267	252	2
TCGA-33-4582	TCGA-LUSC	Lung	Male	55	4	5	16	4	2	7	17	259	252	5
TCGA-98-8023	TCGA-LUSC	Lung	Male	54	4	5	16	6	1	7	15	266	252	3
TCGA-94-8035	TCGA-LUSC	Lung	Male	51	4	5	16	4	1	7	14	262	251	2
TCGA-22-4609	TCGA-LUSC	Lung	Male	61	6	10	16	4	1	7	17	265	250	5
TCGA-66-2734	TCGA-LUSC	Lung	Female	55	4	5	16	4	2	7	17	264	249	5
TCGA-77-6844	TCGA-LUSC	Lung	Male	56	5	5	16	6	1	7	16	263	249	4
TCGA-33-A5GW	TCGA-LUSC	Lung	Male	53	4	5	16	4	1	7	16	266	248	4
TCGA-63-A5MP	TCGA-LUSC	Lung	Male	51	4	5	16	4	1	7	14	252	246	2
TCGA-51-4081	TCGA-LUSC	Lung	Male	60	5	8	16	6	1	7	17	262	246	5
TCGA-33-4547	TCGA-LUSC	Lung	Male	60	4	5	16	4	1	7	23	256	245	11
TCGA-85-A53L	TCGA-LUSC	Lung	Male	51	4	5	16	4	1	7	14	259	245	2
TCGA-60-2704	TCGA-LUSC	Lung	Male	54	4	5	16	4	1	7	17	255	245	5
TCGA-94-7943	TCGA-LUSC	Lung	Male	52	4	5	16	4	1	8	14	254	242	2
TCGA-98-7454	TCGA-LUSC	Lung	Male	56	5	5	16	6	1	7	16	251	242	4
TCGA-63-7020	TCGA-LUSC	Lung	Male	52	4	5	16	4	1	7	15	246	241	3
TCGA-33-4538	TCGA-LUSC	Lung	Male	62	4	5	16	4	1	7	25	253	241	13
TCGA-85-7710	TCGA-LUSC	Lung	Female	63	7	10	16	6	1	7	16	262	241	4
TCGA-22-4593	TCGA-LUSC	Lung	Male	58	5	8	16	4	1	7	17	252	240	5
TCGA-18-4721	TCGA-LUSC	Lung	Male	55	4	5	16	4	2	7	17	254	240	5
TCGA-77-7140	TCGA-LUSC	Lung	Female	56	5	5	16	6	1	8	15	249	240	3
TCGA-63-A5MJ	TCGA-LUSC	Lung	Male	51	4	5	16	4	1	7	14	249	239	2
TCGA-58-8387	TCGA-LUSC	Lung	Male	53	4	5	16	6	1	7	14	244	238	2
TCGA-22-5478	TCGA-LUSC	Lung	Male	60	6	10	16	4	2	7	15	248	238	3
TCGA-85-7699	TCGA-LUSC	Lung	Male	52	4	5	16	4	1	7	15	250	238	3
TCGA-85-8048	TCGA-LUSC	Lung	Male	52	4	5	16	4	1	7	15	251	237	3
TCGA-63-7022	TCGA-LUSC	Lung	Female	50	4	5	16	2	1	7	15	246	236	3
TCGA-18-3415	TCGA-LUSC	Lung	Male	55	4	5	16	4	2	7	17	249	235	5
TCGA-98-A539	TCGA-LUSC	Lung	Male	52	4	5	16	4	1	8	14	247	235	2
TCGA-85-7844	TCGA-LUSC	Lung	Male	52	4	5	16	4	1	7	15	242	233	3
TCGA-J1-A4AH	TCGA-LUSC	Lung	Male	52	4	5	16	4	1	8	14	247	232	2
TCGA-85-A4CN	TCGA-LUSC	Lung	Female	51	4	5	16	4	1	7	14	242	231	2
TCGA-77-7139	TCGA-LUSC	Lung	Male	56	5	5	16	6	1	7	16	242	228	4
TCGA-39-5022	TCGA-LUSC	Lung	Male	53	4	5	16	4	1	7	16	238	228	4
TCGA-33-AASJ	TCGA-LUSC	Lung	Male	52	4	5	16	4	1	7	15	241	228	3
TCGA-58-8388	TCGA-LUSC	Lung	Male	52	4	5	16	4	1	7	15	236	227	3
TCGA-22-4601	TCGA-LUSC	Lung	Female	57	4	5	16	6	2	7	17	243	227	5
TCGA-21-5784	TCGA-LUSC	Lung	Female	52	4	5	16	4	1	7	15	242	226	3
TCGA-39-5019	TCGA-LUSC	Lung	Male	54	4	5	16	4	2	7	16	234	225	4
TCGA-21-1071	TCGA-LUSC	Lung	Male	59	5	3	24	4	1	7	15	233	224	3
TCGA-XC-AA0X	TCGA-LUSC	Lung	Female	51	4	5	16	4	1	7	14	238	223	2
TCGA-77-8153	TCGA-LUSC	Lung	Female	55	5	7	16	4	1	7	15	231	222	3
TCGA-96-8169	TCGA-LUSC	Lung	Female	51	4	5	16	4	1	7	14	226	220	2
TCGA-63-A5MR	TCGA-LUSC	Lung	Female	49	4	5	16	2	1	7	14	228	219	2
TCGA-77-8130	TCGA-LUSC	Lung	Male	52	4	5	16	4	1	7	15	231	219	3
TCGA-63-A5MY	TCGA-LUSC	Lung	Male	51	4	5	16	4	1	7	14	227	219	2
TCGA-56-8201	TCGA-LUSC	Lung	Male	61	6	10	16	6	1	8	14	232	219	2
TCGA-22-5477	TCGA-LUSC	Lung	Male	53	4	5	16	4	2	7	15	226	218	3
TCGA-92-7341	TCGA-LUSC	Lung	Male	58	6	7	16	6	1	7	15	228	217	3
TCGA-60-2709	TCGA-LUSC	Lung	Male	58	5	8	16	4	1	7	17	227	217	5
TCGA-34-5234	TCGA-LUSC	Lung	Female	51	4	5	16	4	1	7	14	222	216	2
TCGA-66-2777	TCGA-LUSC	Lung	Male	54	4	5	16	4	1	7	17	224	216	5
TCGA-94-A5I6	TCGA-LUSC	Lung	Male	51	4	5	16	4	1	7	14	225	216	2
TCGA-34-5240	TCGA-LUSC	Lung	Female	52	4	5	16	4	1	7	15	231	216	3
TCGA-77-6843	TCGA-LUSC	Lung	Male	56	5	5	16	6	1	7	16	227	215	4
TCGA-85-8353	TCGA-LUSC	Lung	Male	51	4	5	16	4	1	7	14	230	215	2
TCGA-56-7582	TCGA-LUSC	Lung	Male	62	7	10	16	6	1	7	15	218	213	3
TCGA-56-8503	TCGA-LUSC	Lung	Female	51	4	5	16	4	1	7	14	219	212	2
TCGA-39-5039	TCGA-LUSC	Lung	Male	55	4	5	16	4	2	8	16	227	211	4
TCGA-77-8008	TCGA-LUSC	Lung	Male	59	6	10	16	4	1	7	15	217	211	3
TCGA-58-A46J	TCGA-LUSC	Lung	Male	51	4	5	16	4	1	7	14	221	210	2
TCGA-39-5028	TCGA-LUSC	Lung	Male	54	4	5	16	4	2	7	16	221	210	4
TCGA-77-8009	TCGA-LUSC	Lung	Male	53	4	5	16	4	1	7	16	216	210	4
TCGA-22-5482	TCGA-LUSC	Lung	Male	57	5	8	16	4	2	7	15	221	209	3
TCGA-43-6647	TCGA-LUSC	Lung	Female	60	6	8	16	6	1	7	16	216	208	4
TCGA-56-8083	TCGA-LUSC	Lung	Male	59	6	10	16	6	1	7	13	217	207	1
TCGA-22-5480	TCGA-LUSC	Lung	Female	53	4	5	16	4	2	7	15	213	204	3
TCGA-85-8072	TCGA-LUSC	Lung	Male	50	4	5	16	4	1	7	13	220	203	1
TCGA-98-A53B	TCGA-LUSC	Lung	Male	51	4	5	16	4	1	7	14	213	200	2
TCGA-66-2794	TCGA-LUSC	Lung	Male	54	4	5	16	4	1	7	17	210	199	5
TCGA-39-5021	TCGA-LUSC	Lung	Male	54	4	5	16	4	2	7	16	213	199	4
TCGA-NK-A5CX	TCGA-LUSC	Lung	Male	51	4	5	16	4	1	7	14	223	199	2
TCGA-85-A512	TCGA-LUSC	Lung	Male	51	4	5	16	4	1	7	14	211	198	2
TCGA-77-8146	TCGA-LUSC	Lung	Male	49	4	5	16	2	1	7	14	203	196	2
TCGA-60-2725	TCGA-LUSC	Lung	Male	54	4	5	16	4	1	7	17	197	192	5
TCGA-77-A5GA	TCGA-LUSC	Lung	Male	50	4	5	16	2	1	8	14	202	192	2
TCGA-85-A510	TCGA-LUSC	Lung	Female	51	4	5	16	4	1	7	14	206	192	2
TCGA-63-7023	TCGA-LUSC	Lung	Male	49	3	3	16	4	1	7	15	202	191	3
TCGA-39-5035	TCGA-LUSC	Lung	Female	54	4	5	16	4	2	7	16	199	190	4
TCGA-56-A4BY	TCGA-LUSC	Lung	Male	52	4	5	16	4	1	8	14	193	190	2
TCGA-21-A5DI	TCGA-LUSC	Lung	Male	52	4	5	16	4	1	8	14	192	189	2
TCGA-43-3394	TCGA-LUSC	Lung	Male	59	5	5	16	8	2	7	16	190	186	4
TCGA-66-2780	TCGA-LUSC	Lung	Male	64	6	5	24	4	1	7	17	192	185	5
TCGA-77-A5G1	TCGA-LUSC	Lung	Male	51	4	5	16	4	1	7	14	193	185	2
TCGA-66-2778	TCGA-LUSC	Lung	Female	52	4	3	16	4	1	7	17	196	185	5
TCGA-77-8143	TCGA-LUSC	Lung	Male	51	4	5	16	4	1	7	14	194	184	2
TCGA-85-8351	TCGA-LUSC	Lung	Male	52	4	5	16	4	1	7	15	189	183	3
TCGA-52-7811	TCGA-LUSC	Lung	Male	52	4	5	16	4	1	7	15	197	182	3
TCGA-18-3412	TCGA-LUSC	Lung	Male	55	4	5	16	4	2	7	17	188	182	5
TCGA-34-2608	TCGA-LUSC	Lung	Male	62	5	5	24	4	1	7	16	188	181	4
TCGA-18-4086	TCGA-LUSC	Lung	Male	52	4	5	16	2	1	7	17	185	179	5
TCGA-66-2792	TCGA-LUSC	Lung	Male	55	4	5	16	4	2	7	17	185	179	5
TCGA-58-A46K	TCGA-LUSC	Lung	Male	51	4	5	16	4	1	7	14	183	176	2
TCGA-22-4596	TCGA-LUSC	Lung	Female	54	4	5	16	4	1	7	17	181	175	5
TCGA-39-5029	TCGA-LUSC	Lung	Male	54	4	5	16	4	2	7	16	185	175	4
TCGA-46-3767	TCGA-LUSC	Lung	Male	52	4	5	16	4	1	7	15	177	174	3
TCGA-85-7698	TCGA-LUSC	Lung	Male	52	4	5	16	4	1	7	15	180	173	3
TCGA-43-5670	TCGA-LUSC	Lung	Male	62	7	10	16	6	1	7	15	180	172	3
TCGA-56-5898	TCGA-LUSC	Lung	Male	51	4	5	16	4	1	7	14	180	171	2
TCGA-43-7657	TCGA-LUSC	Lung	Female	63	7	10	16	6	1	8	15	171	169	3
TCGA-66-2781	TCGA-LUSC	Lung	Male	62	6	5	22	4	1	7	17	175	169	5
TCGA-77-7338	TCGA-LUSC	Lung	Male	60	6	10	16	4	1	7	16	177	169	4
TCGA-94-7033	TCGA-LUSC	Lung	Male	53	4	5	16	4	1	8	15	172	167	3
TCGA-77-A5GB	TCGA-LUSC	Lung	Male	52	4	5	16	4	1	8	14	170	164	2
TCGA-77-8150	TCGA-LUSC	Lung	Male	51	4	5	16	4	1	7	14	169	163	2
TCGA-NK-A5D1	TCGA-LUSC	Lung	Male	52	4	5	16	4	1	8	14	173	161	2
TCGA-56-7580	TCGA-LUSC	Lung	Male	61	7	10	16	6	1	7	14	174	161	2
TCGA-85-8479	TCGA-LUSC	Lung	Male	52	4	5	16	4	1	7	15	163	160	3
TCGA-60-2711	TCGA-LUSC	Lung	Female	65	6	5	24	4	1	8	17	168	160	5
TCGA-22-0944	TCGA-LUSC	Lung	Male	62	6	5	24	4	1	7	15	165	160	3
TCGA-85-8052	TCGA-LUSC	Lung	Male	51	4	5	16	4	1	7	14	168	159	2
TCGA-63-A5MV	TCGA-LUSC	Lung	Male	51	4	5	16	4	1	7	14	164	159	2
TCGA-96-7545	TCGA-LUSC	Lung	Male	52	4	5	16	4	1	8	14	162	157	2
TCGA-58-8392	TCGA-LUSC	Lung	Male	52	4	5	16	4	1	7	15	166	156	3
TCGA-60-2715	TCGA-LUSC	Lung	Male	62	5	3	24	4	1	8	17	159	154	5
TCGA-56-8624	TCGA-LUSC	Lung	Male	56	6	7	16	4	1	7	15	159	154	3
TCGA-77-8145	TCGA-LUSC	Lung	Male	52	4	5	16	4	1	7	15	158	153	3
TCGA-O2-A52W	TCGA-LUSC	Lung	Male	52	4	5	16	4	1	8	14	161	151	2
TCGA-56-8309	TCGA-LUSC	Lung	Male	61	6	10	16	6	1	7	15	158	151	3
TCGA-56-A4BX	TCGA-LUSC	Lung	Male	51	4	5	16	4	1	7	14	161	150	2
TCGA-70-6723	TCGA-LUSC	Lung	Male	52	4	5	16	4	1	7	15	149	146	3
TCGA-63-A5M9	TCGA-LUSC	Lung	Female	51	4	5	16	4	1	7	14	145	146	2
TCGA-68-7756	TCGA-LUSC	Lung	Male	52	4	5	16	4	1	7	15	146	142	3
TCGA-63-A5MG	TCGA-LUSC	Lung	Male	51	4	5	16	4	1	7	14	145	142	2
TCGA-98-A53J	TCGA-LUSC	Lung	Male	51	4	5	16	4	1	7	14	151	142	2
TCGA-90-7767	TCGA-LUSC	Lung	Male	62	7	10	16	6	1	7	15	147	142	3
TCGA-77-A5GF	TCGA-LUSC	Lung	Male	51	4	5	16	4	1	7	14	148	141	2
TCGA-33-4589	TCGA-LUSC	Lung	Female	55	4	5	16	4	2	8	16	143	140	4
TCGA-90-7766	TCGA-LUSC	Lung	Female	55	5	5	16	6	1	8	14	148	140	2
TCGA-60-2712	TCGA-LUSC	Lung	Female	65	6	5	24	4	1	8	17	139	133	5
TCGA-60-2706	TCGA-LUSC	Lung	Male	54	4	5	16	4	1	7	17	135	132	5
TCGA-56-A4ZJ	TCGA-LUSC	Lung	Female	52	4	5	16	4	1	8	14	141	130	2
TCGA-77-A5G7	TCGA-LUSC	Lung	Male	51	4	5	16	4	1	7	14	132	129	2
TCGA-22-1011	TCGA-LUSC	Lung	Male	62	6	5	24	4	1	7	15	133	128	3
TCGA-NK-A7XE	TCGA-LUSC	Lung	Male	52	4	5	16	4	1	8	14	138	126	2
TCGA-LA-A7SW	TCGA-LUSC	Lung	Male	51	4	5	16	4	1	7	14	128	125	2
TCGA-60-2707	TCGA-LUSC	Lung	Male	61	5	3	24	4	1	7	17	128	122	5
TCGA-56-5897	TCGA-LUSC	Lung	Male	51	4	5	16	4	1	7	14	124	122	2
TCGA-94-7557	TCGA-LUSC	Lung	Male	52	4	5	16	4	1	8	14	141	121	2
TCGA-L3-A4E7	TCGA-LUSC	Lung	Male	51	4	5	16	4	1	7	14	124	121	2
TCGA-66-2765	TCGA-LUSC	Lung	Male	64	6	5	24	4	1	7	17	123	118	5
TCGA-85-A50M	TCGA-LUSC	Lung	Male	51	4	5	16	4	1	7	14	120	117	2
TCGA-77-8138	TCGA-LUSC	Lung	Male	51	4	5	16	4	1	7	14	129	117	2
TCGA-98-8020	TCGA-LUSC	Lung	Female	54	4	5	16	6	1	8	14	120	113	2
TCGA-77-8007	TCGA-LUSC	Lung	Male	60	6	10	16	4	1	7	16	115	112	4
TCGA-18-3408	TCGA-LUSC	Lung	Female	55	4	5	16	4	2	7	17	111	110	5
TCGA-22-5474	TCGA-LUSC	Lung	Male	53	4	5	16	4	2	7	15	117	110	3
TCGA-22-4605	TCGA-LUSC	Lung	Female	54	4	5	16	4	1	7	17	104	103	5
TCGA-21-1078	TCGA-LUSC	Lung	Male	62	6	5	24	4	1	7	15	106	100	3
TCGA-18-3407	TCGA-LUSC	Lung	Male	58	4	5	16	6	2	8	17	99	99	5
TCGA-22-1000	TCGA-LUSC	Lung	Male	60	5	3	24	4	1	8	15	99	95	3
TCGA-34-8456	TCGA-LUSC	Lung	Female	54	5	7	16	4	1	7	14	84	83	2
TCGA-77-8131	TCGA-LUSC	Lung	Male	51	4	5	16	4	1	7	14	83	82	2
TCGA-96-A4JL	TCGA-LUSC	Lung	Female	51	4	5	16	4	1	7	14	79	78	2
TCGA-22-4607	TCGA-LUSC	Lung	Male	54	4	5	16	4	1	7	17	74	72	5
TCGA-43-6773	TCGA-LUSC	Lung	Male	62	7	10	16	6	1	7	15	73	71	3
TCGA-85-6175	TCGA-LUSC	Lung	Female	52	4	5	16	4	1	7	15	56	55	3
TCGA-63-A5MN	TCGA-LUSC	Lung	Female	51	4	5	16	4	1	7	14	50	49	2
TCGA-77-7138	TCGA-LUSC	Lung	Male	62	7	10	16	6	1	7	15	39	39	3
TCGA-98-A53H	TCGA-LUSC	Lung	Female	51	4	5	16	4	1	7	14	32	32	2
TCGA-85-A513	TCGA-LUSC	Lung	Female	51	4	5	16	4	1	7	14	30	30	2
TCGA-60-2716	TCGA-LUSC	Lung	Male	64	6	5	24	4	1	7	17	25	25	5
TCGA-60-2697	TCGA-LUSC	Lung	Male	54	4	5	16	4	1	7	17	13	13	5
TCGA-85-A4PA	TCGA-LUSC	Lung	Male	51	4	5	16	4	1	7	14	9	9	2
TCGA-37-4129	TCGA-LUSC	Lung	Female	51	3	3	16	6	1	7	15	6	6	3
TCGA-98-A53C	TCGA-LUSC	Lung	Female	51	4	5	16	4	1	7	14	3	3	2
TCGA-66-2790	TCGA-LUSC	Lung	Male	38	3	5	0	4	2	7	17	0	0	5
TCGA-56-8623	TCGA-LUSC	Lung	Male	60	7	10	16	4	1	7	15	0	0	3
TCGA-22-1017	TCGA-LUSC	Lung	Male	30	1	3	0	2	1	8	15	0	0	3
TCGA-68-A59I	TCGA-LUSC	Lung	Female	33	2	5	0	4	1	7	14	0	0	2
TCGA-46-3766	TCGA-LUSC	Lung	Female	50	4	5	16	2	1	7	15	0	0	3
TCGA-60-2696	TCGA-LUSC	Lung	Female	55	4	5	16	4	1	8	17	0	0	5
TCGA-66-2753	TCGA-LUSC	Lung	Male	38	3	5	0	4	2	7	17	0	0	5
TCGA-66-2737	TCGA-LUSC	Lung	Male	38	3	5	0	4	2	7	17	0	0	5
TCGA-90-6837	TCGA-LUSC	Lung	Male	62	7	10	16	6	1	7	15	0	0	3
TCGA-77-A5FZ	TCGA-LUSC	Lung	Male	49	4	5	16	2	1	7	14	0	0	2
TCGA-21-1072	TCGA-LUSC	Lung	Male	35	3	5	0	4	1	7	15	0	0	3
TCGA-98-A53D	TCGA-LUSC	Lung	Male	35	3	5	0	4	1	8	14	0	0	2
